Nombre;Telefono;Email;Direccion
Ana Perez;555-1234;ana.perez@example.com;Calle Falsa 123
Luis Gomez;555-5678;luis.gomez@example.com;Avenida Siempre Viva 742
Maria Lopez;555-8765;maria.lopez@example.com;Calle del Sol 56
Javier Martinez;555-4321;javier.martinez@example.com;Calle Luna 89
Laura Fernandez;555-6789;laura.fernandez@example.com;Calle Estrella 45
Pedro Sanchez;555-9876;pedro.sanchez@example.com;Plaza Mayor 3
Elena Garcia;555-3456;elena.garcia@example.com;Avenida Libertad 21
Carlos Ruiz;555-2345;carlos.ruiz@example.com;Calle del Rio 10
Isabel Torres;555-6543;isabel.torres@example.com;Av. del Parque 5
Jose Morales;555-7890;jose.morales@example.com;Calle del Norte 12
Marta Romero;555-5432;marta.romero@example.com;Calle del Mar 7
Raul Diaz;555-8761;raul.diaz@example.com;Avenida del Aguila 18
Carmen Ortega;555-1235;carmen.ortega@example.com;Calle del Campo 20
Antonio Alvarez;555-5679;antonio.alvarez@example.com;Calle del Viento 14
Patricia Mendoza;555-9875;patricia.mendoza@example.com;Calle del Bosque 3
Fernando Lopez;555-4322;fernando.lopez@example.com;Calle de la Paz 28
Sonia Ruiz;555-6780;sonia.ruiz@example.com;Plaza Central 11
Ricardo Gonzalez;555-8764;ricardo.gonzalez@example.com;Calle de la Luna 6
Teresa Hernandez;555-3457;teresa.hernandez@example.com;Calle de los Flores 22
David Fernandez;555-2346;david.fernandez@example.com;Calle de los Robles 9
Beatriz Perez;555-6544;beatriz.perez@example.com;Avenida del Sol 15
Miguel Angel Ruiz;555-7891;miguel.angel.ruiz@example.com;Calle del Pez 26
Susana Garcia;555-5433;susana.garcia@example.com;Avenida del Rio 8
Andres Martinez;555-8762;andres.martinez@example.com;Calle de la Fuente 13
Raquel Moreno;555-1236;raquel.moreno@example.com;Calle del Vino 30
Eduardo Lopez;555-5670;eduardo.lopez@example.com;Calle del Lago 17
Silvia Gonzalez;555-9874;silvia.gonzalez@example.com;Calle del Puente 2
Hector Perez;555-4323;hector.perez@example.com;Plaza del Mercado 7
Monica Romero;555-6781;monica.romero@example.com;Avenida del Mar 6
Victor Fernandez;555-8763;victor.fernandez@example.com;Calle de la Sierra 19
Patricia Sanchez;555-3458;patricia.sanchez@example.com;Calle del Jardin 12
Antonio Gomez;555-2347;antonio.gomez@example.com;Avenida de la Libertad 4
Maria Morales;555-6545;maria.morales@example.com;Calle del Arbol 29
Luis Rodriguez;555-7892;luis.rodriguez@example.com;Plaza del Sol 1
Lorena Torres;555-5434;lorena.torres@example.com;Calle de la Rosa 23
Sergio Lopez;555-8766;sergio.lopez@example.com;Avenida de la Estrella 31
Patricia Fernandez;555-1237;patricia.fernandez@example.com;Calle del Puente 5
Oscar Perez;555-5671;oscar.perez@example.com;Calle del Mar 8
Mariana Diaz;555-9873;mariana.diaz@example.com;Calle del Bosque 4
Jorge Sanchez;555-4324;jorge.sanchez@example.com;Plaza de la Ciudad 6
Lucia Rodriguez;555-6782;lucia.rodriguez@example.com;Avenida del Viento 10
Manuel Garcia;555-8767;manuel.garcia@example.com;Calle del Otono 13
Gabriela Morales;555-3459;gabriela.morales@example.com;Calle de la Sierra 21
Alberto Fernandez;555-2348;alberto.fernandez@example.com;Calle del Lago 9
Monica Sanchez;555-6546;monica.sanchez@example.com;Plaza del Rio 17
Emanuel Lopez;555-7893;emanuel.lopez@example.com;Calle del Mar 22
Ana Martinez;555-5435;ana.martinez@example.com;Avenida del Sol 4
Victor Gonzalez;555-8768;victor.gonzalez@example.com;Calle de la Luna 7
Elena Rodriguez;555-1238;elena.rodriguez@example.com;Calle del Rio 5
Roberto Diaz;555-5672;roberto.diaz@example.com;Calle del Parque 3
Julia Gomez;555-9872;julia.gomez@example.com;Calle de los Vientos 8
Daniel Fernandez;555-4325;daniel.fernandez@example.com;Avenida del Sol 6
Lorena Lopez;555-6783;lorena.lopez@example.com;Calle del Mar 12
Alba Sanchez;555-8769;alba.sanchez@example.com;Calle del Bosque 18
Oscar Martinez;555-3456;oscar.martinez@example.com;Calle del Rio 15

